{
  "rods": [
    {
      "cx": 316.8873291015625,
      "cy": 261.24285888671875,
      "w": 24.3370361328125,
      "h": 177.58941650390625,
      "angle": 39.51641082763672
    },
    {
      "cx": 363.5155334472656,
      "cy": 297.1753845214844,
      "w": 22.415084838867188,
      "h": 152.95460510253906,
      "angle": 39.949771881103516
    },
    {
      "cx": 421.338623046875,
      "cy": 348.2449951171875,
      "w": 24.174468994140625,
      "h": 183.251220703125,
      "angle": 43.00982666015625
    }
  ]
}