{
  "rods": [
    {
      "cx": 260.4702453613281,
      "cy": 249.03045654296875,
      "w": 19.886615753173828,
      "h": 157.49285888671875,
      "angle": 17.744670867919922
    },
    {
      "cx": 300.7124328613281,
      "cy": 280.2110595703125,
      "w": 17.009693145751953,
      "h": 134.62911987304688,
      "angle": 15.068489074707031
    },
    {
      "cx": 369.5,
      "cy": 279.5,
      "w": 16.76292610168457,
      "h": 152.84304809570312,
      "angle": 17.13030242919922
    }
  ]
}