{
  "rods": [
    {
      "cx": 392.0938415527344,
      "cy": 297.6507568359375,
      "w": 203.96078491210938,
      "h": 20.16073989868164,
      "angle": 64.44003295898438
    },
    {
      "cx": 424.0000305175781,
      "cy": 265.9999694824219,
      "w": 164.10211181640625,
      "h": 17.043827056884766,
      "angle": 65.32313537597656
    },
    {
      "cx": 525.32666015625,
      "cy": 244.10723876953125,
      "w": 195.65786743164062,
      "h": 17.86792755126953,
      "angle": 66.1861801147461
    }
  ]
}