{
  "rods": [
    {
      "cx": 306.1485290527344,
      "cy": 260.5148620605469,
      "w": 21.890817642211914,
      "h": 125.77269744873047,
      "angle": 5.710593223571777
    },
    {
      "cx": 325.9595031738281,
      "cy": 351.7372741699219,
      "w": 21.68688201904297,
      "h": 135.04248046875,
      "angle": 9.67825984954834
    },
    {
      "cx": 427.2660827636719,
      "cy": 299.34893798828125,
      "w": 19.81256675720215,
      "h": 133.35906982421875,
      "angle": 15.407703399658203
    }
  ]
}