{
  "rods": [
    {
      "cx": 384.03167724609375,
      "cy": 275.7267150878906,
      "w": 93.90420532226562,
      "h": 11.17095947265625,
      "angle": 82.04248046875
    },
    {
      "cx": 403.7917175292969,
      "cy": 248.01527404785156,
      "w": 107.18573760986328,
      "h": 13.696895599365234,
      "angle": 78.05582427978516
    },
    {
      "cx": 460.39031982421875,
      "cy": 263.79833984375,
      "w": 97.1648178100586,
      "h": 10.343252182006836,
      "angle": 81.11934661865234
    }
  ]
}