{
  "rods": [
    {
      "cx": 332.3456115722656,
      "cy": 254.70748901367188,
      "w": 20.802223205566406,
      "h": 150.8011932373047,
      "angle": 36.64193344116211
    },
    {
      "cx": 366.50006103515625,
      "cy": 310.5,
      "w": 18.014381408691406,
      "h": 130.31301879882812,
      "angle": 35.897377014160156
    },
    {
      "cx": 431.0,
      "cy": 318.0,
      "w": 16.3994140625,
      "h": 152.44363403320312,
      "angle": 36.71931838989258
    }
  ]
}