{
  "rods": [
    {
      "cx": 171.4093780517578,
      "cy": 278.5538024902344,
      "w": 172.69915771484375,
      "h": 23.972322463989258,
      "angle": 75.23954772949219
    },
    {
      "cx": 220.69712829589844,
      "cy": 293.65380859375,
      "w": 142.0457763671875,
      "h": 18.38844108581543,
      "angle": 73.2234878540039
    },
    {
      "cx": 297.58380126953125,
      "cy": 251.89730834960938,
      "w": 163.2176513671875,
      "h": 19.703750610351562,
      "angle": 72.89727020263672
    }
  ]
}