{
  "rods": [
    {
      "cx": 111.3134536743164,
      "cy": 307.63189697265625,
      "w": 141.7674102783203,
      "h": 21.909122467041016,
      "angle": 63.61568832397461
    },
    {
      "cx": 172.83619689941406,
      "cy": 322.165283203125,
      "w": 104.65180969238281,
      "h": 17.44833755493164,
      "angle": 63.92464065551758
    },
    {
      "cx": 229.48101806640625,
      "cy": 265.8086853027344,
      "w": 136.62257385253906,
      "h": 17.677953720092773,
      "angle": 59.2546501159668
    }
  ]
}