{
  "rods": [
    {
      "cx": 175.09983825683594,
      "cy": 300.97918701171875,
      "w": 199.46726989746094,
      "h": 26.065353393554688,
      "angle": 78.2317123413086
    },
    {
      "cx": 222.44813537597656,
      "cy": 249.6728515625,
      "w": 166.0481719970703,
      "h": 21.36728858947754,
      "angle": 80.99149322509766
    },
    {
      "cx": 323.70684814453125,
      "cy": 270.67132568359375,
      "w": 184.39088439941406,
      "h": 20.63008689880371,
      "angle": 86.26860046386719
    }
  ]
}