{
  "rods": [
    {
      "cx": 133.27391052246094,
      "cy": 294.1192321777344,
      "w": 170.57843017578125,
      "h": 19.187652587890625,
      "angle": 66.13982391357422
    },
    {
      "cx": 180.6762237548828,
      "cy": 276.0444641113281,
      "w": 201.95545959472656,
      "h": 22.2177734375,
      "angle": 66.35437774658203
    },
    {
      "cx": 252.48123168945312,
      "cy": 251.91409301757812,
      "w": 168.53334045410156,
      "h": 21.1339054107666,
      "angle": 67.88064575195312
    }
  ]
}