{
  "rods": [
    {
      "cx": 293.6075744628906,
      "cy": 306.7115173339844,
      "w": 117.0341796875,
      "h": 14.747825622558594,
      "angle": 49.504905700683594
    },
    {
      "cx": 356.1637268066406,
      "cy": 309.54425048828125,
      "w": 128.00390625,
      "h": 16.99167251586914,
      "angle": 53.57771682739258
    },
    {
      "cx": 369.6904602050781,
      "cy": 251.8642578125,
      "w": 115.88442993164062,
      "h": 14.882967948913574,
      "angle": 54.52001953125
    }
  ]
}