{
  "rods": [
    {
      "cx": 312.5059509277344,
      "cy": 260.2421875,
      "w": 163.049072265625,
      "h": 21.018211364746094,
      "angle": 88.59425354003906
    },
    {
      "cx": 380.9999694824219,
      "cy": 258.0,
      "w": 198.25254821777344,
      "h": 23.998777389526367,
      "angle": 89.42127990722656
    },
    {
      "cx": 436.49871826171875,
      "cy": 257.5655822753906,
      "w": 19.94024658203125,
      "h": 163.27130126953125,
      "angle": 1.0741698741912842
    }
  ]
}