{
  "rods": [
    {
      "cx": 115.98681640625,
      "cy": 342.6441955566406,
      "w": 167.8362579345703,
      "h": 22.43854331970215,
      "angle": 41.8603401184082
    },
    {
      "cx": 160.0,
      "cy": 306.0,
      "w": 194.31997680664062,
      "h": 24.814071655273438,
      "angle": 47.307373046875
    },
    {
      "cx": 213.78732299804688,
      "cy": 263.26947021484375,
      "w": 157.81317138671875,
      "h": 15.543700218200684,
      "angle": 47.311134338378906
    }
  ]
}