{
  "xyz": [
    0.8113120794296265,
    0.17308783531188965,
    -0.05510079860687256
  ],
  "quat": [
    0.13138486444950104,
    -0.17637553811073303,
    0.975514829158783,
    0.000715865520760417
  ]
}