{
  "T_cam_board": [
    [
      0.988668429932988,
      -0.12894281717511358,
      0.07686667387616979,
      -0.24114437738712782
    ],
    [
      -0.038659755197675866,
      0.2760748586988837,
      0.9603583163186786,
      0.21064291438518293
    ],
    [
      -0.14505226293269602,
      -0.9524475955627882,
      0.26796159934730834,
      1.034950503940779
    ],
    [
      0.0,
      0.0,
      0.0,
      1.0
    ]
  ],
  "intrinsics": {
    "fx": 606.9369506835938,
    "fy": 606.93359375,
    "ppx": 316.3077392578125,
    "ppy": 244.40113830566406,
    "width": 640,
    "height": 480
  }
}