{
  "rods": [
    {
      "cx": 315.4133605957031,
      "cy": 318.5401916503906,
      "w": 144.8067626953125,
      "h": 16.587623596191406,
      "angle": 52.57615661621094
    },
    {
      "cx": 376.0,
      "cy": 310.0,
      "w": 129.87310791015625,
      "h": 12.040703773498535,
      "angle": 49.0633659362793
    },
    {
      "cx": 407.01324462890625,
      "cy": 253.8386993408203,
      "w": 146.34890747070312,
      "h": 16.80231285095215,
      "angle": 50.54531478881836
    }
  ]
}