{
  "rods": [
    {
      "cx": 136.00001525878906,
      "cy": 298.0,
      "w": 15.97900104522705,
      "h": 78.92192077636719,
      "angle": 2.935673475265503
    },
    {
      "cx": 178.49998474121094,
      "cy": 256.5,
      "w": 12.997550010681152,
      "h": 103.27179718017578,
      "angle": 1.1123995780944824
    },
    {
      "cx": 229.55307006835938,
      "cy": 300.5479736328125,
      "w": 79.65745544433594,
      "h": 12.882231712341309,
      "angle": 87.1014175415039
    }
  ]
}