{
  "xyz": [
    0.7977344393730164,
    0.170619398355484,
    -0.0684133917093277
  ],
  "quat": [
    0.1813223958015442,
    -0.0887659415602684,
    0.9786576628684998,
    0.03836623951792717
  ]
}