{
  "T_cam_board": [
    [
      0.9904072717952186,
      -0.11733378404838515,
      0.07298095022702408,
      -0.2464494625952923
    ],
    [
      -0.03719514054723894,
      0.2822872279186994,
      0.9586085971206642,
      0.21478630444737556
    ],
    [
      -0.13307876425194062,
      -0.9521274620946838,
      0.275215076676975,
      1.053992481328319
    ],
    [
      0.0,
      0.0,
      0.0,
      1.0
    ]
  ],
  "intrinsics": {
    "fx": 606.9369506835938,
    "fy": 606.93359375,
    "ppx": 316.3077392578125,
    "ppy": 244.40113830566406,
    "width": 640,
    "height": 480
  }
}