{
  "xyz": [
    0.7896304726600647,
    0.1502431184053421,
    -0.08004260808229446
  ],
  "quat": [
    0.1667182445526123,
    -0.19556866586208344,
    0.9660292863845825,
    -0.027301330119371414
  ]
}