{
  "T_cam_board": [
    [
      0.9924609089281444,
      -0.10133027536640477,
      0.06894577248599193,
      -0.24473477707118846
    ],
    [
      -0.03790432684011369,
      0.28119578059975436,
      0.9589015564591044,
      0.21208060195796222
    ],
    [
      -0.11655301907852672,
      -0.9542856533905681,
      0.2752349641245043,
      1.041714109159303
    ],
    [
      0.0,
      0.0,
      0.0,
      1.0
    ]
  ],
  "intrinsics": {
    "fx": 606.9369506835938,
    "fy": 606.93359375,
    "ppx": 316.3077392578125,
    "ppy": 244.40113830566406,
    "width": 640,
    "height": 480
  }
}