{
  "rods": [
    {
      "cx": 189.49998474121094,
      "cy": 264.0,
      "w": 183.4124298095703,
      "h": 24.018360137939453,
      "angle": 88.4349365234375
    },
    {
      "cx": 257.4999694824219,
      "cy": 262.0,
      "w": 148.35467529296875,
      "h": 15.996716499328613,
      "angle": 88.83875274658203
    },
    {
      "cx": 323.4947509765625,
      "cy": 260.93817138671875,
      "w": 22.010889053344727,
      "h": 178.0028076171875,
      "angle": 0.3218829929828644
    }
  ]
}