{
  "rods": [
    {
      "cx": 206.50535583496094,
      "cy": 262.7193603515625,
      "w": 164.0487518310547,
      "h": 23.017541885375977,
      "angle": 88.60282135009766
    },
    {
      "cx": 270.0,
      "cy": 261.5,
      "w": 197.0,
      "h": 26.0,
      "angle": 90.0
    },
    {
      "cx": 325.5,
      "cy": 259.5,
      "w": 160.86563110351562,
      "h": 22.005821228027344,
      "angle": 89.64191436767578
    }
  ]
}