{
  "xyz": [
    0.7559435367584229,
    0.1238764077425003,
    -0.08502312004566193
  ],
  "quat": [
    0.03992921859025955,
    0.2511174976825714,
    0.965303897857666,
    -0.05944741889834404
  ]
}