{
  "T_cam_board": [
    [
      0.992169073396334,
      -0.10482751873187189,
      0.06790965404402655,
      -0.2452998071308475
    ],
    [
      -0.03541070851249177,
      0.2853165691895428,
      0.9577789604436674,
      0.2136474549899826
    ],
    [
      -0.11977734142359175,
      -0.9526833926664345,
      0.27937025936750753,
      1.049882084038468
    ],
    [
      0.0,
      0.0,
      0.0,
      1.0
    ]
  ],
  "intrinsics": {
    "fx": 606.9369506835938,
    "fy": 606.93359375,
    "ppx": 316.3077392578125,
    "ppy": 244.40113830566406,
    "width": 640,
    "height": 480
  }
}