{
  "rods": [
    {
      "cx": 218.38438415527344,
      "cy": 273.74853515625,
      "w": 144.6824188232422,
      "h": 23.036666870117188,
      "angle": 81.25383758544922
    },
    {
      "cx": 284.5,
      "cy": 366.0,
      "w": 147.80569458007812,
      "h": 28.95656394958496,
      "angle": 86.86363983154297
    },
    {
      "cx": 362.0,
      "cy": 270.0,
      "w": 19.086362838745117,
      "h": 149.11643981933594,
      "angle": 3.479917526245117
    }
  ]
}