{
  "rods": [
    {
      "cx": 167.5,
      "cy": 272.5000305175781,
      "w": 171.2700958251953,
      "h": 23.07712173461914,
      "angle": 74.00846862792969
    },
    {
      "cx": 216.79660034179688,
      "cy": 287.55706787109375,
      "w": 144.56846618652344,
      "h": 15.94540786743164,
      "angle": 74.3271713256836
    },
    {
      "cx": 290.21795654296875,
      "cy": 248.70037841796875,
      "w": 158.14552307128906,
      "h": 21.537128448486328,
      "angle": 72.71080780029297
    }
  ]
}