{
  "rods": [
    {
      "cx": 126.44525146484375,
      "cy": 367.97442626953125,
      "w": 150.281494140625,
      "h": 27.1685733795166,
      "angle": 70.01689147949219
    },
    {
      "cx": 156.8187255859375,
      "cy": 261.6359558105469,
      "w": 146.1129913330078,
      "h": 20.80582046508789,
      "angle": 78.1517333984375
    },
    {
      "cx": 271.0515441894531,
      "cy": 304.9602966308594,
      "w": 149.21461486816406,
      "h": 20.132076263427734,
      "angle": 86.92667388916016
    }
  ]
}