{
  "rods": [
    {
      "cx": 144.90721130371094,
      "cy": 292.0412292480469,
      "w": 172.81192016601562,
      "h": 19.697715759277344,
      "angle": 66.03751373291016
    },
    {
      "cx": 205.29095458984375,
      "cy": 270.810546875,
      "w": 209.3083953857422,
      "h": 19.06756019592285,
      "angle": 67.23273468017578
    },
    {
      "cx": 261.5814514160156,
      "cy": 248.69650268554688,
      "w": 164.53872680664062,
      "h": 19.308521270751953,
      "angle": 67.4872817993164
    }
  ]
}