{
  "rods": [
    {
      "cx": 228.03689575195312,
      "cy": 263.29888916015625,
      "w": 187.02406311035156,
      "h": 25.07698631286621,
      "angle": 89.08090209960938
    },
    {
      "cx": 281.0158386230469,
      "cy": 261.93170166015625,
      "w": 154.0032501220703,
      "h": 21.03202247619629,
      "angle": 89.6279525756836
    },
    {
      "cx": 360.0,
      "cy": 260.0,
      "w": 176.0,
      "h": 18.0,
      "angle": 90.0
    }
  ]
}