{
  "xyz": [
    0.7935488820075989,
    0.1450960487127304,
    -0.09129265695810318
  ],
  "quat": [
    0.03516124561429024,
    -0.1846824586391449,
    0.97794109582901,
    -0.09103431552648544
  ]
}