{
  "T_cam_board": [
    [
      0.9930385277601497,
      -0.09680242539854084,
      0.06711015438005397,
      -0.25011435263113524
    ],
    [
      -0.035895495122971764,
      0.2939444584229537,
      0.9551482444062354,
      0.2149941471999579
    ],
    [
      -0.11218732465760761,
      -0.9509079586371105,
      0.28842340124679927,
      1.05798797978317
    ],
    [
      0.0,
      0.0,
      0.0,
      1.0
    ]
  ],
  "intrinsics": {
    "fx": 606.9369506835938,
    "fy": 606.93359375,
    "ppx": 316.3077392578125,
    "ppy": 244.40113830566406,
    "width": 640,
    "height": 480
  }
}