{
  "rods": [
    {
      "cx": 262.5540771484375,
      "cy": 295.1756896972656,
      "w": 14.302712440490723,
      "h": 79.07591247558594,
      "angle": 9.462323188781738
    },
    {
      "cx": 295.9628601074219,
      "cy": 252.8231658935547,
      "w": 15.358872413635254,
      "h": 115.35417938232422,
      "angle": 6.5626983642578125
    },
    {
      "cx": 360.5,
      "cy": 306.0,
      "w": 11.044806480407715,
      "h": 99.43345642089844,
      "angle": 4.619923114776611
    }
  ]
}