{
  "fx": 606.9369506835938,
  "fy": 606.93359375,
  "ppx": 316.3077392578125,
  "ppy": 244.40113830566406,
  "width": 640,
  "height": 480
}