{
  "rods": [
    {
      "cx": 336.5583190917969,
      "cy": 246.27719116210938,
      "w": 13.796571731567383,
      "h": 133.29006958007812,
      "angle": 14.67639446258545
    },
    {
      "cx": 363.3330993652344,
      "cy": 277.5462341308594,
      "w": 17.426851272583008,
      "h": 150.5722198486328,
      "angle": 16.990825653076172
    },
    {
      "cx": 429.4137878417969,
      "cy": 274.2806396484375,
      "w": 15.438080787658691,
      "h": 136.022216796875,
      "angle": 17.071022033691406
    }
  ]
}