{
  "xyz": [
    0.7980833649635315,
    0.15283362567424774,
    -0.08155196905136108
  ],
  "quat": [
    0.15005552768707275,
    -0.17663811147212982,
    0.9727503061294556,
    0.0062615652568638325
  ]
}