{
  "T_cam_board": [
    [
      0.9892407035719979,
      -0.12305169918462822,
      0.07912717437236311,
      -0.24503269368869438
    ],
    [
      -0.04018191886085603,
      0.29153246390957593,
      0.9557166085631614,
      0.21535718880657514
    ],
    [
      -0.14067069272964491,
      -0.9486132519707846,
      0.2834513263196598,
      1.0583609444231106
    ],
    [
      0.0,
      0.0,
      0.0,
      1.0
    ]
  ],
  "intrinsics": {
    "fx": 606.9369506835938,
    "fy": 606.93359375,
    "ppx": 316.3077392578125,
    "ppy": 244.40113830566406,
    "width": 640,
    "height": 480
  }
}