{
  "rods": [
    {
      "cx": 281.5,
      "cy": 319.5,
      "w": 157.46322631835938,
      "h": 17.18523406982422,
      "angle": 51.740055084228516
    },
    {
      "cx": 333.36358642578125,
      "cy": 309.8385009765625,
      "w": 134.82579040527344,
      "h": 13.446978569030762,
      "angle": 49.81354904174805
    },
    {
      "cx": 374.73565673828125,
      "cy": 255.25640869140625,
      "w": 150.74813842773438,
      "h": 17.01513671875,
      "angle": 47.41950988769531
    }
  ]
}