{
  "rods": [
    {
      "cx": 141.5,
      "cy": 295.0,
      "w": 160.00323486328125,
      "h": 24.165363311767578,
      "angle": 66.00110626220703
    },
    {
      "cx": 237.32156372070312,
      "cy": 274.5673828125,
      "w": 173.07801818847656,
      "h": 18.003440856933594,
      "angle": 67.58385467529297
    },
    {
      "cx": 248.85696411132812,
      "cy": 251.1329803466797,
      "w": 145.9623260498047,
      "h": 15.791747093200684,
      "angle": 68.7088394165039
    }
  ]
}