{
  "rods": [
    {
      "cx": 406.66180419921875,
      "cy": 249.9479522705078,
      "w": 13.152946472167969,
      "h": 103.09477233886719,
      "angle": 8.746162414550781
    },
    {
      "cx": 443.52703857421875,
      "cy": 275.8378601074219,
      "w": 10.192737579345703,
      "h": 91.24143981933594,
      "angle": 9.462322235107422
    },
    {
      "cx": 490.0,
      "cy": 262.0,
      "w": 13.152658462524414,
      "h": 103.1843490600586,
      "angle": 8.365886688232422
    }
  ]
}