{
  "rods": [
    {
      "cx": 215.8566436767578,
      "cy": 253.42391967773438,
      "w": 31.302709579467773,
      "h": 184.36106872558594,
      "angle": 18.336671829223633
    },
    {
      "cx": 269.90576171875,
      "cy": 272.7808837890625,
      "w": 20.239784240722656,
      "h": 160.32777404785156,
      "angle": 18.547956466674805
    },
    {
      "cx": 343.5000305175781,
      "cy": 294.50006103515625,
      "w": 21.189617156982422,
      "h": 184.3936004638672,
      "angle": 19.319377899169922
    }
  ]
}