{
  "rods": [
    {
      "cx": 197.12693786621094,
      "cy": 333.2265930175781,
      "w": 142.8985595703125,
      "h": 16.837120056152344,
      "angle": 46.70135498046875
    },
    {
      "cx": 236.00001525878906,
      "cy": 272.0000305175781,
      "w": 123.66896057128906,
      "h": 14.21221923828125,
      "angle": 50.25379943847656
    },
    {
      "cx": 284.9878234863281,
      "cy": 271.1097717285156,
      "w": 139.4631805419922,
      "h": 14.211812019348145,
      "angle": 51.34019088745117
    }
  ]
}