{
  "xyz": [
    0.7783263921737671,
    0.12399766594171524,
    -0.09097845107316971
  ],
  "quat": [
    0.05683573707938194,
    -0.15345749258995056,
    0.984098494052887,
    0.06906993687152863
  ]
}