{
  "T_cam_board": [
    [
      0.9940116295543411,
      -0.08555102081051706,
      0.06798458022964991,
      -0.24517956457195594
    ],
    [
      -0.04014614280669841,
      0.2927311392594543,
      0.9553516459009248,
      0.21095785431247235
    ],
    [
      -0.10163251216253295,
      -0.9523599650059531,
      0.28754361325787114,
      1.0360524418517532
    ],
    [
      0.0,
      0.0,
      0.0,
      1.0
    ]
  ],
  "intrinsics": {
    "fx": 606.9369506835938,
    "fy": 606.93359375,
    "ppx": 316.3077392578125,
    "ppy": 244.40113830566406,
    "width": 640,
    "height": 480
  }
}