{
  "rods": [
    {
      "cx": 124.0,
      "cy": 357.0,
      "w": 190.91880798339844,
      "h": 24.04163360595703,
      "angle": 45.0
    },
    {
      "cx": 190.5767364501953,
      "cy": 276.0179748535156,
      "w": 163.6856689453125,
      "h": 19.75737762451172,
      "angle": 48.71529006958008
    },
    {
      "cx": 241.419921875,
      "cy": 276.77606201171875,
      "w": 193.49935913085938,
      "h": 23.271400451660156,
      "angle": 51.293949127197266
    }
  ]
}