{
  "rods": [
    {
      "cx": 162.5,
      "cy": 296.5,
      "w": 175.55909729003906,
      "h": 25.079872131347656,
      "angle": 66.50143432617188
    },
    {
      "cx": 234.902099609375,
      "cy": 275.7657775878906,
      "w": 204.84628295898438,
      "h": 27.30828285217285,
      "angle": 67.31558990478516
    },
    {
      "cx": 281.4999694824219,
      "cy": 251.5,
      "w": 168.42567443847656,
      "h": 19.869400024414062,
      "angle": 68.19859313964844
    }
  ]
}