{
  "xyz": [
    0.7916523218154907,
    0.14379781484603882,
    -0.10609813779592514
  ],
  "quat": [
    0.009049986489117146,
    -0.20767411589622498,
    0.9755721092224121,
    -0.07105323672294617
  ]
}