{
  "T_cam_board": [
    [
      0.9899852859889471,
      -0.11168013745463873,
      0.08635207249102589,
      -0.2507668531160839
    ],
    [
      -0.04983235589469039,
      0.29585205610087423,
      0.9539330674669318,
      0.22048813790636607
    ],
    [
      -0.13208281429227386,
      -0.9486828278191811,
      0.28732389801343455,
      1.0792169750060348
    ],
    [
      0.0,
      0.0,
      0.0,
      1.0
    ]
  ],
  "intrinsics": {
    "fx": 606.9369506835938,
    "fy": 606.93359375,
    "ppx": 316.3077392578125,
    "ppy": 244.40113830566406,
    "width": 640,
    "height": 480
  }
}