{
  "rods": [
    {
      "cx": 218.0,
      "cy": 252.00001525878906,
      "w": 16.506288528442383,
      "h": 128.4661102294922,
      "angle": 20.714174270629883
    },
    {
      "cx": 274.40252685546875,
      "cy": 274.30364990234375,
      "w": 15.820184707641602,
      "h": 113.48723602294922,
      "angle": 18.595439910888672
    },
    {
      "cx": 309.60821533203125,
      "cy": 277.6480712890625,
      "w": 14.564133644104004,
      "h": 133.13525390625,
      "angle": 18.843225479125977
    }
  ]
}