{
  "rods": [
    {
      "cx": 405.0000305175781,
      "cy": 251.00001525878906,
      "w": 17.20438003540039,
      "h": 124.94801330566406,
      "angle": 35.21759033203125
    },
    {
      "cx": 440.162841796875,
      "cy": 313.511962890625,
      "w": 17.294517517089844,
      "h": 142.7620391845703,
      "angle": 39.60002517700195
    },
    {
      "cx": 490.7906494140625,
      "cy": 303.10821533203125,
      "w": 19.26962661743164,
      "h": 129.63409423828125,
      "angle": 41.56013488769531
    }
  ]
}