{
  "rods": [
    {
      "cx": 265.5493469238281,
      "cy": 256.2108154296875,
      "w": 14.741154670715332,
      "h": 124.27790069580078,
      "angle": 34.840946197509766
    },
    {
      "cx": 300.0000305175781,
      "cy": 311.5000305175781,
      "w": 12.806248664855957,
      "h": 134.46560668945312,
      "angle": 38.65980911254883
    },
    {
      "cx": 339.57421875,
      "cy": 304.6209716796875,
      "w": 16.66665267944336,
      "h": 120.42009735107422,
      "angle": 37.91671371459961
    }
  ]
}