{
  "rods": [
    {
      "cx": 364.3070373535156,
      "cy": 282.7850341796875,
      "w": 117.02440643310547,
      "h": 14.58931827545166,
      "angle": 76.56180572509766
    },
    {
      "cx": 407.187744140625,
      "cy": 244.33767700195312,
      "w": 138.7515869140625,
      "h": 12.814269065856934,
      "angle": 74.96218872070312
    },
    {
      "cx": 456.6261291503906,
      "cy": 262.523193359375,
      "w": 115.20849609375,
      "h": 12.603232383728027,
      "angle": 76.44623565673828
    }
  ]
}