{
  "xyz": [
    0.7718532085418701,
    0.1425875574350357,
    -0.05637140944600105
  ],
  "quat": [
    0.046556491404771805,
    -0.15423649549484253,
    0.9845371842384338,
    0.06877606362104416
  ]
}