{
  "T_cam_board": [
    [
      0.9912046688687041,
      -0.10930134290656207,
      0.07460912043245475,
      -0.24425170583818964
    ],
    [
      -0.03992088687639477,
      0.2905578450023469,
      0.956024299638139,
      0.21209031664552203
    ],
    [
      -0.1261730050521287,
      -0.9505942116099877,
      0.2836388859971446,
      1.0424923779766824
    ],
    [
      0.0,
      0.0,
      0.0,
      1.0
    ]
  ],
  "intrinsics": {
    "fx": 606.9369506835938,
    "fy": 606.93359375,
    "ppx": 316.3077392578125,
    "ppy": 244.40113830566406,
    "width": 640,
    "height": 480
  }
}