{
  "rods": [
    {
      "cx": 161.68731689453125,
      "cy": 289.954833984375,
      "w": 140.45994567871094,
      "h": 16.175426483154297,
      "angle": 64.71202850341797
    },
    {
      "cx": 236.5,
      "cy": 268.5,
      "w": 123.47509765625,
      "h": 10.765915870666504,
      "angle": 66.55707550048828
    },
    {
      "cx": 255.69070434570312,
      "cy": 248.9694061279297,
      "w": 138.15933227539062,
      "h": 15.778883934020996,
      "angle": 67.89054870605469
    }
  ]
}