{
  "xyz": [
    0.7188892364501953,
    0.11772621423006058,
    -0.10786565393209457
  ],
  "quat": [
    -0.103368379175663,
    -0.1681729108095169,
    0.9688020348548889,
    -0.14985164999961853
  ]
}