{
  "T_cam_board": [
    [
      0.9908308200924383,
      -0.11376049056781044,
      0.07288920867122575,
      -0.24016874738566046
    ],
    [
      -0.03973951638801028,
      0.27023733721192755,
      0.9619732597187169,
      0.20812624890229073
    ],
    [
      -0.12913193560151354,
      -0.9560493357365916,
      0.26323869557006335,
      1.0216030387730994
    ],
    [
      0.0,
      0.0,
      0.0,
      1.0
    ]
  ],
  "intrinsics": {
    "fx": 606.9369506835938,
    "fy": 606.93359375,
    "ppx": 316.3077392578125,
    "ppy": 244.40113830566406,
    "width": 640,
    "height": 480
  }
}