{
  "rods": [
    {
      "cx": 218.99996948242188,
      "cy": 252.0,
      "w": 26.8873233795166,
      "h": 181.37550354003906,
      "angle": 18.13286590576172
    },
    {
      "cx": 311.0,
      "cy": 272.5,
      "w": 23.210105895996094,
      "h": 155.45510864257812,
      "angle": 21.7322940826416
    },
    {
      "cx": 341.953369140625,
      "cy": 297.8760986328125,
      "w": 24.501869201660156,
      "h": 190.7720489501953,
      "angle": 21.969594955444336
    }
  ]
}