{
  "rods": [
    {
      "cx": 239.9474639892578,
      "cy": 262.24359130859375,
      "w": 20.038204193115234,
      "h": 167.6396484375,
      "angle": 30.606409072875977
    },
    {
      "cx": 337.0,
      "cy": 296.0000305175781,
      "w": 18.816116333007812,
      "h": 150.2063751220703,
      "angle": 36.25383758544922
    },
    {
      "cx": 327.68255615234375,
      "cy": 356.626708984375,
      "w": 21.058792114257812,
      "h": 182.7265625,
      "angle": 39.002601623535156
    }
  ]
}