{
  "rods": [
    {
      "cx": 236.69496154785156,
      "cy": 251.26022338867188,
      "w": 22.66494369506836,
      "h": 160.95343017578125,
      "angle": 8.935613632202148
    },
    {
      "cx": 313.748779296875,
      "cy": 295.6618957519531,
      "w": 23.457944869995117,
      "h": 191.96942138671875,
      "angle": 12.200468063354492
    },
    {
      "cx": 355.1606750488281,
      "cy": 268.8935546875,
      "w": 20.357446670532227,
      "h": 156.20819091796875,
      "angle": 14.83691120147705
    }
  ]
}