{
  "xyz": [
    0.7754819989204407,
    0.12607556581497192,
    -0.0816519558429718
  ],
  "quat": [
    0.0867767333984375,
    -0.15107989311218262,
    0.9822455644607544,
    0.06955786794424057
  ]
}