{
  "T_cam_board": [
    [
      0.9912235854851568,
      -0.11163259586597576,
      0.07080937168323173,
      -0.24286011263448165
    ],
    [
      -0.03785991113242015,
      0.2734819409310814,
      0.9611317574160235,
      0.2123816338753072
    ],
    [
      -0.12665871745361856,
      -0.9553773032288303,
      0.26685534989617915,
      1.0408231629575357
    ],
    [
      0.0,
      0.0,
      0.0,
      1.0
    ]
  ],
  "intrinsics": {
    "fx": 606.9369506835938,
    "fy": 606.93359375,
    "ppx": 316.3077392578125,
    "ppy": 244.40113830566406,
    "width": 640,
    "height": 480
  }
}