{
  "rods": [
    {
      "cx": 447.79534912109375,
      "cy": 248.03103637695312,
      "w": 15.443877220153809,
      "h": 155.59559631347656,
      "angle": 19.133642196655273
    },
    {
      "cx": 513.1984252929688,
      "cy": 265.24761962890625,
      "w": 20.05991554260254,
      "h": 189.78143310546875,
      "angle": 21.969594955444336
    },
    {
      "cx": 562.5722045898438,
      "cy": 282.830810546875,
      "w": 16.151302337646484,
      "h": 163.08279418945312,
      "angle": 23.106325149536133
    }
  ]
}