{
  "xyz": [
    0.7669106125831604,
    0.15523146092891693,
    -0.09386728703975677
  ],
  "quat": [
    0.02445262484252453,
    -0.18321937322616577,
    0.9785551428794861,
    -0.09089887887239456
  ]
}