{
  "T_cam_board": [
    [
      0.9924026440709532,
      -0.10960642186308037,
      0.055887604415943634,
      -0.243137661236652
    ],
    [
      -0.025990997721779624,
      0.2572289210310296,
      0.9660009059119141,
      0.21175591210622255
    ],
    [
      -0.12025581099642126,
      -0.9601144278009703,
      0.25242588110177655,
      1.0340139033673266
    ],
    [
      0.0,
      0.0,
      0.0,
      1.0
    ]
  ],
  "intrinsics": {
    "fx": 606.9369506835938,
    "fy": 606.93359375,
    "ppx": 316.3077392578125,
    "ppy": 244.40113830566406,
    "width": 640,
    "height": 480
  }
}