{
  "rods": [
    {
      "cx": 91.74955749511719,
      "cy": 333.2350158691406,
      "w": 142.51690673828125,
      "h": 13.492599487304688,
      "angle": 43.281639099121094
    },
    {
      "cx": 146.5,
      "cy": 275.0,
      "w": 129.75772094726562,
      "h": 14.830119132995605,
      "angle": 46.2590446472168
    },
    {
      "cx": 175.3615264892578,
      "cy": 275.1534118652344,
      "w": 144.22561645507812,
      "h": 18.848255157470703,
      "angle": 49.78700256347656
    }
  ]
}