{
  "xyz": [
    0.7644945383071899,
    0.16513866186141968,
    -0.09411519020795822
  ],
  "quat": [
    0.1190190315246582,
    -0.17586082220077515,
    0.9771785140037537,
    -0.005442705471068621
  ]
}