{
  "T_cam_board": [
    [
      -0.09915964490941781,
      -0.9938702415534013,
      0.04888054598735381,
      -0.11912299501741906
    ],
    [
      0.2709993600981144,
      0.020293147409285284,
      0.9623655932101052,
      0.20854606558718597
    ],
    [
      -0.9574584647115774,
      0.1086744271795747,
      0.267325938190331,
      1.0227278665985746
    ],
    [
      0.0,
      0.0,
      0.0,
      1.0
    ]
  ],
  "intrinsics": {
    "fx": 606.9369506835938,
    "fy": 606.93359375,
    "ppx": 316.3077392578125,
    "ppy": 244.40113830566406,
    "width": 640,
    "height": 480
  }
}