{
  "xyz": [
    0.7769062519073486,
    0.1350804567337036,
    -0.10687906295061111
  ],
  "quat": [
    0.10663843154907227,
    -0.06781154125928879,
    0.9909651875495911,
    0.044919874519109726
  ]
}