{
  "T_cam_board": [
    [
      0.9912723267515071,
      -0.09814001060746605,
      0.08802109141915981,
      -0.2519377471098884
    ],
    [
      -0.053364017739181535,
      0.31182127642438684,
      0.9486410138613018,
      0.2190399723975445
    ],
    [
      -0.12054648824161554,
      -0.9450587441461155,
      0.30386265694484643,
      1.0779380057826236
    ],
    [
      0.0,
      0.0,
      0.0,
      1.0
    ]
  ],
  "intrinsics": {
    "fx": 606.9369506835938,
    "fy": 606.93359375,
    "ppx": 316.3077392578125,
    "ppy": 244.40113830566406,
    "width": 640,
    "height": 480
  }
}