{
  "rods": [
    {
      "cx": 167.5,
      "cy": 299.5,
      "w": 197.47779846191406,
      "h": 21.459787368774414,
      "angle": 64.08600616455078
    },
    {
      "cx": 238.56521606445312,
      "cy": 270.9924011230469,
      "w": 159.01258850097656,
      "h": 15.10571575164795,
      "angle": 66.65946960449219
    },
    {
      "cx": 304.0,
      "cy": 244.5,
      "w": 189.87631225585938,
      "h": 19.697433471679688,
      "angle": 65.73094940185547
    }
  ]
}