{
  "rods": [
    {
      "cx": 148.53770446777344,
      "cy": 321.80950927734375,
      "w": 143.36264038085938,
      "h": 15.260176658630371,
      "angle": 56.19802474975586
    },
    {
      "cx": 223.0091552734375,
      "cy": 308.6888427734375,
      "w": 114.4028091430664,
      "h": 12.412285804748535,
      "angle": 53.530765533447266
    },
    {
      "cx": 244.66744995117188,
      "cy": 255.88729858398438,
      "w": 141.400146484375,
      "h": 14.596875190734863,
      "angle": 53.0490608215332
    }
  ]
}