{
  "rods": [
    {
      "cx": 164.3258819580078,
      "cy": 362.0164489746094,
      "w": 185.53976440429688,
      "h": 25.320716857910156,
      "angle": 50.90614318847656
    },
    {
      "cx": 244.00001525878906,
      "cy": 261.5,
      "w": 160.98480224609375,
      "h": 21.468374252319336,
      "angle": 61.361080169677734
    },
    {
      "cx": 314.9074401855469,
      "cy": 310.8236083984375,
      "w": 180.70970153808594,
      "h": 25.05675506591797,
      "angle": 62.3005256652832
    }
  ]
}