{
  "rods": [
    {
      "cx": 242.00001525878906,
      "cy": 273.5,
      "w": 19.045053482055664,
      "h": 149.0043182373047,
      "angle": 10.548066139221191
    },
    {
      "cx": 296.98114013671875,
      "cy": 249.61508178710938,
      "w": 23.344070434570312,
      "h": 167.19448852539062,
      "angle": 9.29330825805664
    },
    {
      "cx": 351.4999694824219,
      "cy": 289.0,
      "w": 16.12114143371582,
      "h": 145.85301208496094,
      "angle": 8.297144889831543
    }
  ]
}