{
  "rods": [
    {
      "cx": 227.0043182373047,
      "cy": 263.35272216796875,
      "w": 163.01226806640625,
      "h": 24.01046371459961,
      "angle": 89.2970199584961
    },
    {
      "cx": 278.0000305175781,
      "cy": 261.0,
      "w": 195.42294311523438,
      "h": 25.017417907714844,
      "angle": 88.53119659423828
    },
    {
      "cx": 348.0133056640625,
      "cy": 260.28594970703125,
      "w": 22.977378845214844,
      "h": 161.0279541015625,
      "angle": 1.0674997568130493
    }
  ]
}