{
  "rods": [
    {
      "cx": 215.00001525878906,
      "cy": 263.5,
      "w": 141.24111938476562,
      "h": 15.998391151428223,
      "angle": 89.18734741210938
    },
    {
      "cx": 236.0,
      "cy": 262.5,
      "w": 173.39437866210938,
      "h": 20.961687088012695,
      "angle": 88.99491119384766
    },
    {
      "cx": 318.99365234375,
      "cy": 259.5646667480469,
      "w": 147.00340270996094,
      "h": 19.013164520263672,
      "angle": 89.61023712158203
    }
  ]
}