{
  "xyz": [
    0.7753543257713318,
    0.1339968740940094,
    -0.08836246281862259
  ],
  "quat": [
    0.09259935468435287,
    -0.17547321319580078,
    0.9800399541854858,
    -0.012499588541686535
  ]
}