{
  "T_cam_board": [
    [
      0.9916237869514781,
      -0.10719916784939566,
      0.07204584349153464,
      -0.24136724480858193
    ],
    [
      -0.04050255103378579,
      0.2715814974536619,
      0.9615628079333052,
      0.20922216732587876
    ],
    [
      -0.12264505090612171,
      -0.9564265934473088,
      0.2649648332043539,
      1.0262071662606964
    ],
    [
      0.0,
      0.0,
      0.0,
      1.0
    ]
  ],
  "intrinsics": {
    "fx": 606.9369506835938,
    "fy": 606.93359375,
    "ppx": 316.3077392578125,
    "ppy": 244.40113830566406,
    "width": 640,
    "height": 480
  }
}