{
  "rods": [
    {
      "cx": 201.50003051757812,
      "cy": 263.0,
      "w": 143.38296508789062,
      "h": 20.057992935180664,
      "angle": 87.9833755493164
    },
    {
      "cx": 262.4940185546875,
      "cy": 262.2486572265625,
      "w": 167.0478973388672,
      "h": 20.99397850036621,
      "angle": 88.6279067993164
    },
    {
      "cx": 306.503173828125,
      "cy": 261.4424133300781,
      "w": 139.0035858154297,
      "h": 16.006778717041016,
      "angle": 89.58780670166016
    }
  ]
}