{
  "rods": [
    {
      "cx": 245.99998474121094,
      "cy": 290.0,
      "w": 141.43553161621094,
      "h": 13.999710083007812,
      "angle": 81.81219482421875
    },
    {
      "cx": 276.3997802734375,
      "cy": 248.92974853515625,
      "w": 169.48696899414062,
      "h": 17.72826385498047,
      "angle": 80.0316390991211
    },
    {
      "cx": 357.5,
      "cy": 269.0,
      "w": 145.19442749023438,
      "h": 14.127176284790039,
      "angle": 79.23424530029297
    }
  ]
}