{
  "rods": [
    {
      "cx": 225.54562377929688,
      "cy": 262.6879577636719,
      "w": 148.05404663085938,
      "h": 23.099674224853516,
      "angle": 88.45184326171875
    },
    {
      "cx": 302.5,
      "cy": 260.5,
      "w": 129.36038208007812,
      "h": 13.9962158203125,
      "angle": 88.66777801513672
    },
    {
      "cx": 330.99090576171875,
      "cy": 260.9397888183594,
      "w": 19.018606185913086,
      "h": 158.00314331054688,
      "angle": 0.36262667179107666
    }
  ]
}