{
  "rods": [
    {
      "cx": 250.4339599609375,
      "cy": 262.48114013671875,
      "w": 14.56021785736084,
      "h": 127.8826675415039,
      "angle": 15.945395469665527
    },
    {
      "cx": 295.0,
      "cy": 350.5000305175781,
      "w": 20.8321590423584,
      "h": 143.5096435546875,
      "angle": 20.603240966796875
    },
    {
      "cx": 361.59307861328125,
      "cy": 297.8053894042969,
      "w": 16.59142303466797,
      "h": 129.4366455078125,
      "angle": 25.559965133666992
    }
  ]
}