{
  "rods": [
    {
      "cx": 404.63665771484375,
      "cy": 243.50918579101562,
      "w": 14.188583374023438,
      "h": 163.48858642578125,
      "angle": 19.79887580871582
    },
    {
      "cx": 461.77117919921875,
      "cy": 271.7280578613281,
      "w": 15.154871940612793,
      "h": 146.75149536132812,
      "angle": 17.447189331054688
    },
    {
      "cx": 529.572021484375,
      "cy": 278.29937744140625,
      "w": 18.968881607055664,
      "h": 168.9082794189453,
      "angle": 19.72227668762207
    }
  ]
}