{
  "rods": [
    {
      "cx": 100.37281036376953,
      "cy": 307.74176025390625,
      "w": 149.37200927734375,
      "h": 21.46318817138672,
      "angle": 63.77803039550781
    },
    {
      "cx": 157.89024353027344,
      "cy": 324.36419677734375,
      "w": 108.38040161132812,
      "h": 15.302727699279785,
      "angle": 61.77122116088867
    },
    {
      "cx": 220.00001525878906,
      "cy": 261.9999694824219,
      "w": 140.5774688720703,
      "h": 20.927860260009766,
      "angle": 59.178070068359375
    }
  ]
}