{
  "rods": [
    {
      "cx": 248.84536743164062,
      "cy": 292.73907470703125,
      "w": 18.201040267944336,
      "h": 123.30328369140625,
      "angle": 27.847578048706055
    },
    {
      "cx": 300.7840576171875,
      "cy": 261.9181823730469,
      "w": 22.423355102539062,
      "h": 146.526611328125,
      "angle": 26.021120071411133
    },
    {
      "cx": 348.3645935058594,
      "cy": 332.2906494140625,
      "w": 16.203678131103516,
      "h": 131.5750732421875,
      "angle": 19.536653518676758
    }
  ]
}