{
  "rods": [
    {
      "cx": 158.48104858398438,
      "cy": 261.8514404296875,
      "w": 171.07310485839844,
      "h": 24.048202514648438,
      "angle": 88.32516479492188
    },
    {
      "cx": 211.0,
      "cy": 262.0,
      "w": 200.0,
      "h": 26.0,
      "angle": 90.0
    },
    {
      "cx": 283.5136413574219,
      "cy": 262.6375732421875,
      "w": 167.01197814941406,
      "h": 22.97439956665039,
      "angle": 89.31385040283203
    }
  ]
}