{
  "rods": [
    {
      "cx": 201.5,
      "cy": 255.50001525878906,
      "w": 172.17723083496094,
      "h": 17.117238998413086,
      "angle": 83.32904815673828
    },
    {
      "cx": 251.40528869628906,
      "cy": 300.916015625,
      "w": 206.784912109375,
      "h": 24.905105590820312,
      "angle": 85.00625610351562
    },
    {
      "cx": 337.0,
      "cy": 252.5,
      "w": 174.8936767578125,
      "h": 19.005434036254883,
      "angle": 89.67071533203125
    }
  ]
}