{
  "xyz": [
    0.7857496738433838,
    0.1486676186323166,
    -0.10199884325265884
  ],
  "quat": [
    0.12926968932151794,
    -0.257317453622818,
    0.9561894536018372,
    -0.052714843302965164
  ]
}