{
  "T_cam_board": [
    [
      0.994684887317774,
      -0.08027878529058163,
      0.06447706238574959,
      -0.25044336555621843
    ],
    [
      -0.03828184382560275,
      0.2929783301029838,
      0.9553523949430279,
      0.2146025866190832
    ],
    [
      -0.0955849118581971,
      -0.9527428901452563,
      0.2883478973440329,
      1.05345747043248
    ],
    [
      0.0,
      0.0,
      0.0,
      1.0
    ]
  ],
  "intrinsics": {
    "fx": 606.9369506835938,
    "fy": 606.93359375,
    "ppx": 316.3077392578125,
    "ppy": 244.40113830566406,
    "width": 640,
    "height": 480
  }
}