{
  "rods": [
    {
      "cx": 397.0,
      "cy": 262.5,
      "w": 123.71736907958984,
      "h": 12.124839782714844,
      "angle": 75.85052490234375
    },
    {
      "cx": 451.4999694824219,
      "cy": 282.5,
      "w": 138.74977111816406,
      "h": 18.934303283691406,
      "angle": 75.25643920898438
    },
    {
      "cx": 493.50006103515625,
      "cy": 244.50003051757812,
      "w": 121.41315460205078,
      "h": 13.146960258483887,
      "angle": 79.52576446533203
    }
  ]
}