{
  "xyz": [
    0.722141683101654,
    -0.097812220454216,
    0.10422723740339279
  ],
  "quat": [
    -0.006962785497307777,
    -0.009004166349768639,
    0.9999344348907471,
    -0.0012355815852060914
  ]
}