{
  "T_cam_board": [
    [
      0.007783743542883534,
      -0.9982453825219675,
      0.058698974522810136,
      0.05853497185537832
    ],
    [
      0.9954405017306742,
      0.01331576544225405,
      0.0944505050535488,
      -0.03006626279524795
    ],
    [
      -0.09506640232301941,
      0.05769615814122953,
      0.9937975309312758,
      0.6906416064546174
    ],
    [
      0.0,
      0.0,
      0.0,
      1.0
    ]
  ],
  "intrinsics": {
    "fx": 606.9369506835938,
    "fy": 606.93359375,
    "ppx": 316.3077392578125,
    "ppy": 244.40113830566406,
    "width": 640,
    "height": 480
  }
}