{
  "xyz": [
    0.76383376121521,
    0.1445806473493576,
    -0.08389689773321152
  ],
  "quat": [
    0.04640962928533554,
    -0.17402642965316772,
    0.9832437038421631,
    -0.028156500309705734
  ]
}