{
  "T_cam_board": [
    [
      0.9887617642035706,
      -0.12437817997622476,
      0.08294722415394135,
      -0.24287640534563537
    ],
    [
      -0.04346362933186888,
      0.2917106606214254,
      0.9555186044264724,
      0.2126159077025196
    ],
    [
      -0.1430422545066466,
      -0.948385448446787,
      0.2830264203215706,
      1.0456037385752721
    ],
    [
      0.0,
      0.0,
      0.0,
      1.0
    ]
  ],
  "intrinsics": {
    "fx": 606.9369506835938,
    "fy": 606.93359375,
    "ppx": 316.3077392578125,
    "ppy": 244.40113830566406,
    "width": 640,
    "height": 480
  }
}