{
  "xyz": [
    0.7960267066955566,
    0.2091449797153473,
    -0.06466032564640045
  ],
  "quat": [
    0.07304830849170685,
    -0.06103412061929703,
    0.9946420788764954,
    0.040323127061128616
  ]
}