{
  "T_cam_board": [
    [
      0.991103376166739,
      -0.1130880839078711,
      0.07017964825316104,
      -0.24517498528004789
    ],
    [
      -0.034165375034753795,
      0.293449796382214,
      0.9553637758215304,
      0.2131525661033246
    ],
    [
      -0.1286344623327113,
      -0.9492619776864989,
      0.28697538713118037,
      1.0510312882149013
    ],
    [
      0.0,
      0.0,
      0.0,
      1.0
    ]
  ],
  "intrinsics": {
    "fx": 606.9369506835938,
    "fy": 606.93359375,
    "ppx": 316.3077392578125,
    "ppy": 244.40113830566406,
    "width": 640,
    "height": 480
  }
}