{
  "rods": [
    {
      "cx": 217.50001525878906,
      "cy": 264.0,
      "w": 183.33995056152344,
      "h": 23.053409576416016,
      "angle": 88.11180877685547
    },
    {
      "cx": 282.0,
      "cy": 261.5,
      "w": 153.0,
      "h": 16.0,
      "angle": 90.0
    },
    {
      "cx": 351.0,
      "cy": 260.0,
      "w": 180.27774047851562,
      "h": 23.998517990112305,
      "angle": 89.36341094970703
    }
  ]
}