{
  "rods": [
    {
      "cx": 232.49998474121094,
      "cy": 294.0,
      "w": 166.72280883789062,
      "h": 20.112268447875977,
      "angle": 65.44180297851562
    },
    {
      "cx": 288.62591552734375,
      "cy": 274.2364807128906,
      "w": 200.09188842773438,
      "h": 25.61176300048828,
      "angle": 67.16634368896484
    },
    {
      "cx": 344.06494140625,
      "cy": 249.4302215576172,
      "w": 161.92898559570312,
      "h": 18.211681365966797,
      "angle": 67.87007141113281
    }
  ]
}