{
  "xyz": [
    0.788447916507721,
    0.1661500781774521,
    -0.030226247385144234
  ],
  "quat": [
    0.06212795898318291,
    -0.2903297543525696,
    0.9533565640449524,
    -0.05440627411007881
  ]
}