{
  "T_cam_board": [
    [
      0.9898769559093693,
      -0.11771560695034282,
      0.07928838527749682,
      -0.24610303523437804
    ],
    [
      -0.04100715360509148,
      0.2976127611616439,
      0.9538055660075331,
      0.21510021827308262
    ],
    [
      -0.1358750363856761,
      -0.9474015412031238,
      0.289772832082541,
      1.0576274542937363
    ],
    [
      0.0,
      0.0,
      0.0,
      1.0
    ]
  ],
  "intrinsics": {
    "fx": 606.9369506835938,
    "fy": 606.93359375,
    "ppx": 316.3077392578125,
    "ppy": 244.40113830566406,
    "width": 640,
    "height": 480
  }
}