{
  "xyz": [
    0.8033198118209839,
    0.15930207073688507,
    -0.055560994893312454
  ],
  "quat": [
    0.062582828104496,
    -0.23925016820430756,
    0.9658345580101013,
    -0.07750031352043152
  ]
}