{
  "T_cam_board": [
    [
      0.9914971218477067,
      -0.11342432006802079,
      0.0637838614762479,
      -0.24438055807623227
    ],
    [
      -0.029557592301181754,
      0.28104788873892284,
      0.9592384651236372,
      0.21229814784372425
    ],
    [
      -0.1267272902932558,
      -0.9529674747086079,
      0.27530562297640715,
      1.043449603397774
    ],
    [
      0.0,
      0.0,
      0.0,
      1.0
    ]
  ],
  "intrinsics": {
    "fx": 606.9369506835938,
    "fy": 606.93359375,
    "ppx": 316.3077392578125,
    "ppy": 244.40113830566406,
    "width": 640,
    "height": 480
  }
}