{
  "rods": [
    {
      "cx": 217.0,
      "cy": 312.9999694824219,
      "w": 104.30563354492188,
      "h": 18.009323120117188,
      "angle": 77.59258270263672
    },
    {
      "cx": 275.0348815917969,
      "cy": 251.93154907226562,
      "w": 99.32270812988281,
      "h": 14.115604400634766,
      "angle": 85.38008117675781
    },
    {
      "cx": 324.5,
      "cy": 306.5,
      "w": 19.0,
      "h": 103.0,
      "angle": -0.0
    }
  ]
}